Date,Total Cases,Severe,Critical Cases,Total Deaths
4/15/2020,146.0496,69.54744,25.062150000000003,10.02504
4/16/2020,150.24393,71.54472,25.750799999999998,10.30122
4/17/2020,155.92662,74.25077999999999,26.686169999999997,10.674479999999999
4/18/2020,161.1549,76.74042,27.486,10.994399999999999
4/19/2020,166.20804,79.14669,28.35051,11.340179999999998
4/20/2020,172.74963,82.26174,29.461709999999997,11.784690000000001
4/21/2020,180.46278,85.93467,30.74712,12.298860000000001
4/22/2020,189.89784000000003,90.42756,32.4585,12.9834
4/23/2020,197.83614,94.20768,33.77451,13.509810000000002
4/24/2020,212.82051,101.34312,36.43266,14.573040000000002
4/25/2020,225.87033000000002,107.55729000000001,38.85705,15.54282
4/26/2020,235.34709000000004,112.07004,40.515119999999996,16.20603
4/27/2020,239.04525,113.83104,41.12151,16.44861
4/28/2020,248.02584,118.10757000000001,42.69732,17.07891
4/29/2020,253.44174,120.68655000000001,43.6554,17.46216
4/30/2020,261.2925,124.42499999999998,45.00375,18.0015
5/1/2020,262.77258,125.12979,45.101879999999994,18.04074
5/2/2020,264.47781,125.9418,45.23064,18.092280000000002
5/3/2020,273.44588999999996,130.21233,46.58355,18.63342
5/4/2020,282.19722,134.37963,48.05442000000001,19.221780000000003
5/5/2020,300.59619,143.14107,51.04437,20.41773
5/6/2020,321.6135,153.14931,54.508559999999996,21.80343
5/7/2020,330.22308,157.24905,55.84218,22.33686
5/8/2020,343.72317,163.67769,58.32783,23.33115
5/9/2020,365.6577,174.12273,62.211780000000005,24.884700000000002
5/10/2020,389.36001,185.40954,66.54273,26.61708
5/11/2020,407.18783999999994,193.89893999999998,69.70572,27.88227
5/12/2020,412.38692999999995,196.37472000000002,70.78175999999999,28.312710000000003
5/13/2020,413.79195000000004,197.04378000000003,71.13516,28.45404
5/14/2020,433.16238,206.26779,74.71449,29.88579
5/15/2020,451.80321000000004,215.14439999999996,78.03231,31.21293
5/16/2020,490.12716,233.39391,84.92781,33.97113
5/17/2020,535.94328,255.21111000000002,93.15234000000001,37.26093
5/18/2020,568.5011400000001,270.71484,99.21903,39.68763
5/19/2020,614.9926800000001,292.85366999999997,107.53545,43.01418
5/20/2020,645.79944,307.52355,112.656,45.0624
5/21/2020,674.60913,321.24243,117.22464,46.889849999999996
5/22/2020,703.48134,334.9911,122.11146,48.84459
5/23/2020,737.8361399999999,351.35055,128.34891000000002,51.33957
5/24/2020,769.581,366.46713,134.2608,53.704319999999996
5/25/2020,818.40735,389.71776,142.7769,57.11076
5/26/2020,861.23409,410.11148999999995,150.28497,60.114
5/27/2020,929.98956,442.85217,161.98446,64.79379
5/28/2020,985.85781,469.45611,170.97195,68.38878
5/29/2020,1039.84575,495.16464,179.89533,71.95814999999999
5/30/2020,1095.44298,521.63952,188.83115999999998,75.53247
5/31/2020,1138.35315,542.0729100000001,196.23264,78.49305
6/1/2020,1166.14551,555.30738,200.98730999999998,80.39493
6/2/2020,1213.842,578.01999,209.27591999999999,83.71035
6/3/2020,1268.0592,603.83772,218.30424,87.32172
6/4/2020,1316.22264,626.77269,226.15497,90.46199999999999
6/5/2020,1368.12174,651.48654,234.48444,93.79377000000001
6/6/2020,1436.87721,684.22722,246.1839,98.47359
6/7/2020,1526.60412,726.95436,261.32658,104.53062000000001
6/8/2020,1571.8865999999998,748.51743,268.80009,107.52003
6/9/2020,1617.92787,770.4418499999999,276.25884,110.50353000000001
6/10/2020,1701.7386000000001,810.35169,291.08328,116.4333
6/11/2020,1737.5276099999996,827.3941199999999,296.60148000000004,118.64061000000001
6/12/2020,1788.4302899999998,851.63346,305.48856,122.19539999999999
6/13/2020,1879.04106,894.7814700000001,321.25296000000003,128.50116
6/14/2020,1946.26224,926.79153,332.6847,133.07388
6/15/2020,1993.17492,949.1308799999999,340.54221,136.21689
6/16/2020,2072.42859,986.87076,354.58443,141.83376
6/17/2020,2171.6405999999997,1034.11458,371.5338,148.61349
6/18/2020,2235.1428,1064.3537099999999,381.19119,152.47647
6/19/2020,2284.99062,1088.09076,389.59553999999997,155.83821
6/20/2020,2364.74463,1126.06887,403.7943,161.51772
6/21/2020,2475.51387,1178.81613,422.05062000000004,168.82026
6/22/2020,2543.95662,1211.40792,434.54823,173.81928
6/23/2020,2673.35835,1273.0278,457.56656999999996,183.02664
6/24/2020,2790.0437699999998,1328.59227,476.93754,190.77504000000002
6/25/2020,2857.18992,1360.5666299999998,487.82814,195.13124999999997
6/26/2020,2895.96414,1379.03055,493.98846000000003,197.59536
6/27/2020,2981.22162,1419.62931,507.52013999999997,203.00805000000003
6/28/2020,3120.62538,1486.01208,531.20616,212.48247
6/29/2020,3225.5910000000003,1535.9957100000001,550.3541700000001,220.14168
6/30/2020,3305.64102,1574.11479,564.25401,225.70161
7/1/2020,3443.46885,1639.74705,587.7256199999999,235.09026
7/2/2020,3523.8065399999996,1678.0031099999999,600.38148,240.15258
7/3/2020,3673.7919600000005,1749.42474,626.30358,250.52142
7/4/2020,3847.74651,1832.2602299999999,654.9411,261.97644
7/5/2020,3978.88263,1894.70601,677.0155500000001,270.80622000000005
7/6/2020,4076.9480999999996,1941.40386,694.2366,277.69464
7/7/2020,4231.64892,2015.0709,722.96829,289.18731
7/8/2020,4396.101720000001,2093.38176,752.6875499999999,301.07502
7/9/2020,4549.71858,2166.53265,778.0270800000001,311.21082
7/10/2020,4703.14782,2239.5942,803.2083600000001,321.28335000000004
7/11/2020,4888.91391,2328.05424,836.0928600000001,334.43712
7/12/2020,5152.28682,2453.4699,882.33831,352.9353
7/13/2020,5318.19471,2532.4736700000003,912.50625,365.0025
7/14/2020,5466.89595,2603.28381,936.24786,374.49915000000004
7/15/2020,5766.88764,2746.13697,989.2600200000002,395.70402
7/16/2020,5896.27266,2807.7489,1010.3883,404.15531999999996
7/17/2020,6069.847830000001,2890.40373,1040.2278000000001,416.09112
7/18/2020,6276.848039999999,2988.97527,1073.2728299999999,429.30912
7/19/2020,6570.8109,3128.95761,1123.16397,449.26559999999995
7/20/2020,6806.328960000001,3241.1090400000003,1164.33654,465.73464
7/21/2020,6998.6283,3332.6801399999995,1197.38727,478.95492
7/22/2020,7285.80363,3469.4303099999997,1245.7649999999999,498.3059999999999
7/23/2020,7550.173049999999,3595.3204800000003,1287.47079,514.98831
7/24/2020,7761.24243,3695.8297200000006,1321.3644,528.54576
7/25/2020,7948.430249999999,3784.9668,1354.1030999999998,541.64124
7/26/2020,8240.04168,3923.82936,1399.5153,559.80609
7/27/2020,8415.53052,4007.3955,1430.0133899999998,572.0053499999999
7/28/2020,8629.78113,4109.41956,1465.65243,586.2609600000001
7/29/2020,8834.11299,4206.720450000001,1500.5172,600.20688
7/30/2020,9070.81926,4319.4377700000005,1537.3826399999998,614.95305
7/31/2020,9261.67188,4410.31992,1566.15117,626.46048
8/1/2020,9478.19469,4513.42605,1601.67168,640.66866
8/2/2020,9729.472590000001,4633.08216,1641.8027699999998,656.7211199999999
8/3/2020,9868.81386,4699.43517,1663.5777000000003,665.4310800000001
8/4/2020,10003.664789999999,4763.649899999999,1684.96299,673.98519
8/5/2020,10139.04939,4828.11876,1704.70998,681.88401
8/6/2020,10243.4313,4877.82441,1719.82602,687.93042
8/7/2020,10342.62246,4925.05833,1733.21817,693.28728
8/8/2020,10423.25622,4963.45533,1743.18588,697.27434
8/9/2020,10518.36147,5008.743570000001,1755.4321800000002,702.17286
8/10/2020,10601.43006,5048.30001,1767.3829500000002,706.95318
8/11/2020,10637.702729999999,5065.57272,1771.9640399999998,708.78561
8/12/2020,10745.68272,5116.99176,1787.4958500000002,714.9983400000001
8/13/2020,10754.029620000001,5120.966460000001,1784.14797,713.6591999999999
8/14/2020,10738.765889999999,5113.69806,1778.9003699999998,711.56016
8/15/2020,10728.776310000001,5108.94111,1774.47354,709.7894100000001
8/16/2020,10744.702949999999,5116.52523,1776.40446,710.56179
8/17/2020,10637.52345,5065.48737,1755.22965,702.09189
8/18/2020,10516.97727,5008.0844099999995,1732.3542599999998,692.9417100000001
8/19/2020,10459.6623,4980.79158,1722.2703000000001,688.90812
8/20/2020,10380.51699,4943.10333,1707.77088,683.10837
8/21/2020,10248.688769999999,4880.3279999999995,1682.12163,672.8486399999999
8/22/2020,10075.8057,4798.00272,1649.48559,659.79423
8/23/2020,9965.3325,4745.396430000001,1627.74465,651.0978600000001
8/24/2020,9843.77319,4687.511039999999,1608.31527,643.32612
8/25/2020,9572.06169,4558.124610000001,1559.19501,623.67801
8/26/2020,9446.91267,4498.52982,1537.90566,615.16227
8/27/2020,9306.725040000001,4431.77382,1511.39928,604.5597
8/28/2020,9099.58308,4333.13481,1477.42056,590.96823
8/29/2020,8815.38045,4197.80022,1428.66561,571.46622
8/30/2020,8623.30206,4106.33433,1393.97838,557.5913400000001
8/31/2020,8420.813010000002,4009.9109399999998,1358.50893,543.40356
9/1/2020,8163.76902,3887.50908,1315.9562700000001,526.3824900000001
9/2/2020,7928.15511,3775.31196,1278.6495,511.4598
9/3/2020,7674.7675500000005,3654.65121,1235.96013,494.38404
9/4/2020,7474.813410000001,3559.43499,1200.27513,480.11004
9/5/2020,7143.498,3401.66571,1147.26354,458.90540999999996
9/6/2020,6955.93914,3312.35199,1115.0790000000002,446.03162999999995
9/7/2020,6693.14571,3187.21224,1071.1984200000002,428.47938
9/8/2020,6470.790059999999,3081.3286200000002,1033.66023,413.46407999999997
9/9/2020,6224.6529,2964.12045,995.1576900000001,398.06307
9/10/2020,5985.94122,2850.4482,956.79528,382.7181
9/11/2020,5718.69918,2723.19009,912.47163,364.98864000000003
9/12/2020,5462.05545,2600.97879,869.88495,347.95398
9/13/2020,5262.93516,2506.15959,836.3191800000001,334.52766
9/14/2020,5057.04399,2408.1161700000002,803.9264700000001,321.5706
9/15/2020,4898.5908,2332.6623,780.79017,312.31605
9/16/2020,4777.19406,2274.8543099999997,764.2588499999999,305.70354
9/17/2020,4616.35188,2198.26281,739.1604,295.66416
9/18/2020,4446.499890000001,2117.38089,713.55879,285.42354
9/19/2020,4260.75465,2028.93078,684.2314799999999,273.69261
9/20/2020,4146.80841,1974.67068,666.69333,266.67732
9/21/2020,4017.6818700000003,1913.1818400000002,646.98657,258.79461000000003
9/22/2020,3900.17094,1857.22425,631.21992,252.48795
9/23/2020,3796.64793,1807.92756,617.87256,247.14902999999998
9/24/2020,3637.1065200000003,1731.9555,592.8626099999999,237.14505000000003
9/25/2020,3549.6435,1690.3064399999998,579.84198,231.93681
9/26/2020,3511.46133,1672.12443,573.88023,229.55208000000002
9/27/2020,3519.36627,1675.88868,575.39817,230.15928000000002
9/28/2020,3545.62434,1688.39256,583.0707600000001,233.22831000000002
9/29/2020,3582.10131,1705.76253,592.08945,236.83577999999997
9/30/2020,3586.31229,1707.76776,596.26098,238.50440999999998
10/1/2020,3544.1317200000003,1687.6818,589.91745,235.96698
10/2/2020,3549.42672,1690.20321,592.70262,237.08105999999998
10/3/2020,3659.03691,1742.39853,613.39698,245.35878
10/4/2020,3784.92807,1802.34672,636.7636200000001,254.70543
10/5/2020,3816.0684,1817.17542,645.43968,258.17589
10/6/2020,3943.4021100000004,1877.8105199999998,670.62492,268.24998
10/7/2020,4089.68937,1947.4711499999999,699.1263,279.65052
10/8/2020,4108.36773,1956.36558,702.3165,280.9266
10/9/2020,4297.51512,2046.43578,734.9383499999999,293.97534
10/10/2020,4455.36378,2121.6018,761.6353200000001,304.65414
10/11/2020,4748.23848,2261.06595,814.43136,325.77254999999997
10/12/2020,4862.3139599999995,2315.38758,836.6623500000001,334.66494
10/13/2020,5099.52471,2428.34511,880.1300100000001,352.05201
10/14/2020,5427.07524,2584.32153,937.71759,375.08705999999995
10/15/2020,5571.09027,2652.90012,959.96622,383.98650000000004
10/16/2020,5865.415889999999,2793.0552,1012.3401900000001,404.9361
10/17/2020,6186.770909999999,2946.08139,1067.02005,426.80801999999994
10/18/2020,6484.152599999999,3087.69171,1116.52095,446.60838
10/19/2020,6786.74172,3231.7817699999996,1173.61785,469.44714
10/20/2020,7228.73877,3442.25658,1252.08585,500.83434
10/21/2020,7467.5172,3555.96057,1293.23004,517.29201
10/22/2020,7823.72733,3725.58444,1350.32184,540.12873
10/23/2020,8024.269319999999,3821.08065,1382.9453999999998,553.1781900000001
10/24/2020,8561.817809999999,4077.0560699999996,1476.0359099999998,590.41434
10/25/2020,8974.709190000001,4273.6710299999995,1543.86288,617.54517
10/26/2020,9271.33209,4414.92003,1598.1570000000002,639.2628
10/27/2020,9682.04292,4610.49666,1666.1444999999999,666.4578000000001
10/28/2020,10029.8103,4776.1001400000005,1723.2822600000002,689.31291
10/29/2020,10315.78905,4912.28049,1770.2435999999998,708.09744
10/30/2020,10882.247220000001,5182.02249,1864.9076400000001,745.96308
10/31/2020,11441.771939999999,5448.46284,1956.25383,782.5015500000001
11/1/2020,11766.07047,5602.89069,2010.8327399999998,804.3330900000001
11/2/2020,12225.42006,5821.62861,2091.16017,836.4640499999999
11/3/2020,12533.75028,5968.45248,2145.45429,858.1817100000001
11/4/2020,13095.818220000001,6236.1039,2235.93714,894.3748500000002
11/5/2020,13388.042519999999,6375.258330000001,2281.9193999999998,912.76776
11/6/2020,13764.48615,6554.51721,2342.04429,936.81771
11/7/2020,14135.234520000002,6731.064060000001,2402.60367,961.04148
11/8/2020,14560.787969999998,6933.708570000001,2475.50127,990.20052
11/9/2020,14821.926210000001,7058.060099999999,2518.55199,1007.42079
11/10/2020,15313.5543,7292.16873,2597.57814,1039.03125
11/11/2020,15788.446919999998,7518.308069999999,2675.38926,1070.1556799999998
11/12/2020,15973.81698,7606.579530000001,2702.01075,1080.8043
11/13/2020,16279.345440000001,7752.069240000001,2745.39333,1098.15732
11/14/2020,16524.15678,7868.64606,2781.76863,1112.7074400000001
11/15/2020,16830.994379999996,8014.7592,2828.57397,1131.4296
11/16/2020,17180.20431,8181.04968,2889.91959,1155.96783
11/17/2020,17387.73399,8279.87334,2922.04851,1168.81938
11/18/2020,17682.01794,8420.00853,2969.6973299999995,1187.87892
11/19/2020,17838.086310000002,8494.32681,2986.9637999999995,1194.78552
11/20/2020,17967.54222,8555.97249,3005.37324,1202.14932
11/21/2020,18123.83574,8630.39796,3025.0595999999996,1210.0238399999998
11/22/2020,18493.90035,8806.619190000001,3084.58206,1233.83283
11/23/2020,18493.33752,8806.35117,3083.31084,1233.32433
11/24/2020,18467.9133,8794.244429999999,3076.9610700000003,1230.78444
11/25/2020,18547.262880000002,8832.02991,3089.52678,1235.8107
11/26/2020,18451.85742,8786.59878,3067.15167,1226.86065
11/27/2020,18528.35106,8823.02433,3070.22898,1228.09158
11/28/2020,18533.58765,8825.517929999998,3067.99176,1227.19671
11/29/2020,18503.147790000003,8811.02277,3055.87137,1222.34853
11/30/2020,18246.92097,8689.01001,3010.3622100000002,1204.14489
12/1/2020,18221.95122,8677.119630000001,3004.94442,1201.97775
12/2/2020,18100.84221,8619.448680000001,2983.1870400000003,1193.27484
12/3/2020,18151.719810000002,8643.67611,2985.25695,1194.10278
12/4/2020,17838.09045,8494.32879,2926.51047,1170.6042
12/5/2020,17627.567219999997,8394.07962,2888.81229,1155.52491
12/6/2020,17503.635599999998,8335.064579999998,2863.73598,1145.49438
12/7/2020,17168.080049999997,8175.27621,2807.62551,1123.05021
12/8/2020,16967.02524,8079.53583,2775.4188599999998,1110.16755
12/9/2020,16811.69898,8005.570949999999,2748.28344,1099.31337
12/10/2020,16356.56451,7788.8402399999995,2668.2198,1067.28792
12/11/2020,15906.208050000001,7574.38479,2591.2839599999998,1036.5135599999999
12/12/2020,15742.030439999999,7496.204970000001,2561.6906099999997,1024.67625
12/13/2020,15327.01272,7298.57751,2487.02607,994.81041
12/14/2020,15036.681270000001,7160.32443,2435.75589,974.30238
12/15/2020,14563.09359,6934.80648,2358.90402,943.56159
12/16/2020,14295.046890000001,6807.16518,2315.37057,926.1482100000001
12/17/2020,13937.6652,6636.98343,2254.12257,901.6490100000001
12/18/2020,13558.52823,6456.44202,2190.5930399999997,876.23724
12/19/2020,13119.41631,6247.34109,2110.98378,844.3935000000001
12/20/2020,12799.87074,6095.17656,2055.10473,822.04188
12/21/2020,12237.03981,5827.16184,1962.96948,785.1878099999999
12/22/2020,11752.95393,5596.64472,1883.77488,753.5099399999999
12/23/2020,11563.86492,5506.602360000001,1853.78619,741.5144700000001
12/24/2020,11117.748599999999,5294.166,1783.93131,713.57253
12/25/2020,10777.923690000001,5132.34462,1728.98028,691.5921000000001
12/26/2020,10450.41486,4976.38803,1676.91429,670.76571
12/27/2020,10012.220130000002,4767.7239,1599.31758,639.72705
12/28/2020,9622.209719999999,4582.00464,1535.5180799999998,614.2072499999999
12/29/2020,9309.49344,4433.09211,1485.87765,594.35106
12/30/2020,8947.96332,4260.93492,1433.51898,573.40758
12/31/2020,8626.370640000001,4107.79554,1382.56761,553.0270499999999
1/1/2021,8154.97188,3883.31991,1305.70383,522.28152
1/2/2021,7645.211580000001,3640.57695,1219.6829400000001,487.87316999999996
1/3/2021,7382.8559399999995,3515.64567,1173.25143,469.30056
1/4/2021,7088.8430100000005,3375.63954,1124.8578,449.94312
1/5/2021,6908.901390000001,3289.9530600000003,1097.82447,439.12980000000005
1/6/2021,6762.055469999999,3220.02642,1076.09034,430.43616
1/7/2021,6364.03167,3030.49128,1015.21218,406.08489
1/8/2021,6070.047930000001,2890.49904,968.1351300000001,387.25404000000003
1/9/2021,5824.08588,2773.37421,927.1787099999999,370.87149
1/10/2021,5643.70233,2687.47731,895.4542200000001,358.1817
1/11/2021,5422.99353,2582.3778899999998,859.39368,343.75746000000004
1/12/2021,5164.46946,2459.2711499999996,820.72497,328.28997
1/13/2021,4888.92225,2328.0581999999995,782.08518,312.83406
1/14/2021,4634.2338899999995,2206.77804,742.49298,296.99721
1/15/2021,4437.56514,2113.12626,712.00398,284.80158
1/16/2021,4284.25266,2040.12033,684.92127,273.96852
1/17/2021,4187.81322,1994.1967799999998,668.00991,267.20397
1/18/2021,4017.66939,1913.1759,641.1887099999999,256.47549
1/19/2021,3845.3741999999997,1831.1305499999999,614.25183,245.70075
1/20/2021,3726.66666,1774.6031699999999,597.8651399999999,239.14608
1/21/2021,3597.78195,1713.2295,579.28269,231.71307000000002
1/22/2021,3431.4446399999997,1634.02128,552.61068,221.04429
1/23/2021,3354.78009,1597.51431,540.91176,216.36471
1/24/2021,3309.5768399999997,1575.98895,533.2573199999999,213.30293999999998
1/25/2021,3251.76984,1548.46182,526.35108,210.54045000000002
1/26/2021,3215.40546,1531.14546,522.52443,209.00976
1/27/2021,3136.65624,1493.64582,512.69514,205.07805
1/28/2021,3072.8330100000003,1463.25381,503.68728000000004,201.4749
1/29/2021,3014.6049599999997,1435.5261600000001,495.64707,198.25883999999996
1/30/2021,2952.0325199999997,1405.7298,486.63237000000004,194.65293
1/31/2021,2941.92618,1400.91723,484.90341,193.96137
2/1/2021,2979.05772,1418.59893,492.846,197.1384
2/2/2021,2932.27434,1396.32114,487.29207,194.91681
2/3/2021,2904.5111699999998,1383.1005599999999,483.05757,193.22301
2/4/2021,2862.03459,1362.87363,476.21658,190.48665
2/5/2021,2850.38148,1357.3245299999999,473.2005300000001,189.28019999999998
2/6/2021,2815.73067,1340.82411,465.66914999999995,186.26769000000002
2/7/2021,2846.04126,1355.25774,470.70746999999994,188.28300000000002
2/8/2021,2840.00418,1352.3829600000001,469.82709,187.93086
2/9/2021,2855.8181999999997,1359.9134399999998,472.93730999999997,189.17493
2/10/2021,2887.4588400000002,1374.9804,479.38068,191.75226
2/11/2021,2883.9524699999997,1373.31069,479.00688,191.60274
2/12/2021,2947.3212599999997,1403.48631,488.67561,195.47024999999996
2/13/2021,2998.18638,1427.7078,497.69028000000003,199.07613
2/14/2021,3021.2883,1438.70874,502.47051,200.98821
2/15/2021,3055.75569,1455.12177,509.91792,203.96717999999998
2/16/2021,3061.2883199999997,1457.75634,512.16024,204.86408999999998
2/17/2021,3088.74714,1470.83196,519.73071,207.89228999999997
2/18/2021,3121.94706,1486.64145,525.29487,210.11793
2/19/2021,3177.6860699999997,1513.18386,535.96083,214.38434999999998
2/20/2021,3231.6156,1538.86458,545.43669,218.17470000000003
2/21/2021,3369.68106,1604.61003,569.95827,227.98329
2/22/2021,3444.6987899999995,1640.3327399999998,584.16159,233.66463
2/23/2021,3609.19326,1718.66343,614.62392,245.84958
2/24/2021,3748.4803200000006,1784.99061,639.41493,255.76599000000002
2/25/2021,3826.58745,1822.1845199999998,652.93245,261.17298
2/26/2021,3963.26871,1887.2708400000001,676.67577,270.67029
2/27/2021,4152.40359,1977.33504,711.4639199999999,284.58558
2/28/2021,4397.39004,2093.9952599999997,754.94235,301.97694
3/1/2021,4586.2747500000005,2183.94036,790.0504800000001,316.02018
3/2/2021,4842.54327,2305.97298,836.30271,334.52112
3/3/2021,4969.497600000001,2366.42742,858.70788,343.48314
3/4/2021,5213.71692,2482.7223599999998,900.4596,360.18384000000003
3/5/2021,5522.42652,2629.72692,955.9409999999999,382.3764
3/6/2021,5943.635609999999,2830.30266,1029.4569000000001,411.78276
3/7/2021,6311.924129999999,3005.6781600000004,1094.75508,437.90205
3/8/2021,6680.71296,3181.2918900000004,1162.5990900000002,465.03963
3/9/2021,7069.58517,3366.46914,1232.39385,492.95754
3/10/2021,7376.38524,3512.5644,1283.3088599999999,513.3235500000001
3/11/2021,7809.3308400000005,3718.7289600000004,1357.34493,542.93799
3/12/2021,8211.50718,3910.2415199999996,1426.13283,570.45315
3/13/2021,8766.88764,4174.70841,1522.46061,608.9842500000001
3/14/2021,9171.25287,4367.26326,1595.21865,638.08746
3/15/2021,9797.04816,4665.261030000001,1707.33579,682.9343099999999
3/16/2021,10294.69671,4902.2365199999995,1790.92716,716.37087
3/17/2021,10741.85532,5115.1692,1862.63466,745.05387
3/18/2021,11171.04024,5319.54297,1931.7640499999998,772.70562
3/19/2021,11816.36856,5626.84218,2040.00516,816.00207
3/20/2021,12380.11674,5895.2937,2133.35661,853.3426199999999
3/21/2021,12725.574330000001,6059.79732,2191.5369299999998,876.61479
3/22/2021,13417.0023,6389.048699999999,2310.6663900000003,924.26655
3/23/2021,13896.285179999999,6617.278679999999,2390.26941,956.10777
3/24/2021,14431.711499999998,6872.24358,2475.00378,990.00153
3/25/2021,14774.64246,7035.544019999999,2525.58417,1010.2336499999999
3/26/2021,15217.31916,7246.34244,2587.49361,1034.99745
3/27/2021,15797.4651,7522.602420000001,2684.80158,1073.92062
3/28/2021,16312.44528,7767.83106,2773.86291,1109.54517
3/29/2021,16722.960180000002,7963.31436,2843.13639,1137.25455
3/30/2021,17226.0621,8202.886709999999,2921.98329,1168.79331
3/31/2021,17570.7609,8367.02901,2973.80703,1189.5228
4/1/2021,17779.628940000002,8466.48999,3004.3039799999997,1201.72158
4/2/2021,18341.00478,8733.8118,3090.41565,1236.16626
4/3/2021,18683.50635,8896.90779,3143.69553,1257.4782
4/4/2021,19052.23266,9072.49173,3204.05355,1281.62142
4/5/2021,19222.68918,9153.6615,3233.2622999999994,1293.30492
4/6/2021,19400.65875,9238.40892,3265.76445,1306.30578
4/7/2021,19689.04314,9375.73485,3305.4281399999995,1322.17125
4/8/2021,19914.52572,9483.107520000001,3332.5959,1333.03836
4/9/2021,20096.63958,9569.82837,3356.1344099999997,1342.4537699999998
4/10/2021,20292.22014,9662.96196,3384.74982,1353.89994
4/11/2021,20409.15156,9718.64358,3402.93012,1361.1720599999999
4/12/2021,20414.60913,9721.24245,3402.24204,1360.8968399999999
4/13/2021,20758.865939999996,9885.17427,3459.7281,1383.89124
4/14/2021,20789.85198,9899.929499999998,3460.0797900000002,1384.0319100000002
4/15/2021,20709.65187,9861.73899,3436.3370699999996,1374.53484
4/16/2021,20593.37919,9806.37105,3409.1908500000004,1363.6763099999998
4/17/2021,20613.94623,9816.164850000001,3406.2224400000005,1362.48897
4/18/2021,20387.68398,9708.42093,3362.7695400000002,1345.10781
4/19/2021,20123.531369999997,9582.633989999998,3315.37086,1326.14835
4/20/2021,20101.36752,9572.07978,3312.1783800000003,1324.8713400000001
4/21/2021,19925.75358,9488.45409,3277.0617599999996,1310.8247099999999
4/22/2021,19692.132599999997,9377.205989999999,3230.6756100000002,1292.27025
4/23/2021,19346.44569,9212.5932,3166.01901,1266.40761
4/24/2021,19245.04065,9164.30508,3137.8574099999996,1255.1429699999999
4/25/2021,18832.937250000003,8968.06536,3062.5716899999998,1225.0286700000001
4/26/2021,18478.79925,8799.428220000002,3005.7765600000002,1202.31063
4/27/2021,18221.33832,8676.82779,2966.14635,1186.45854
4/28/2021,17974.500720000004,8559.286049999999,2923.92042,1169.56815
4/29/2021,17384.35689,8278.265159999999,2822.0370300000004,1128.81483
4/30/2021,16923.24369,8058.6874800000005,2743.72617,1097.49045
5/1/2021,16764.98646,7983.3268800000005,2713.7289600000004,1085.49156
5/2/2021,16182.543239999999,7705.9729800000005,2612.11161,1044.84465
5/3/2021,15745.019820000001,7497.628499999999,2540.9038200000005,1016.3615399999999
5/4/2021,15301.45092,7286.4051899999995,2471.05632,988.4225100000001
5/5/2021,14980.80885,7133.718510000001,2421.9156000000003,968.76627
5/6/2021,14600.187600000001,6952.470300000001,2365.38141,946.15257
5/7/2021,14183.068589999999,6753.84219,2293.08567,917.2342800000001
5/8/2021,13754.559120000002,6549.79005,2215.28763,886.11504
5/9/2021,13460.838029999999,6409.92288,2166.52074,866.60829
5/10/2021,13030.689989999999,6205.090469999999,2102.5255500000003,841.01019
5/11/2021,12816.51864,6103.10412,2074.66968,829.86786
5/12/2021,12643.385460000001,6020.65974,2048.7248999999997,819.4899600000001
5/13/2021,12063.36462,5744.459339999999,1956.83187,782.73273
5/14/2021,11722.722539999999,5582.24883,1901.65167,760.66068
5/15/2021,11398.87011,5428.03341,1847.85615,739.14246
5/16/2021,11124.96561,5297.602650000001,1800.26631,720.10653
5/17/2021,10867.37544,5174.940689999999,1755.14685,702.05874
5/18/2021,10651.21536,5072.0073,1726.88769,690.7550699999999
5/19/2021,10332.1701,4920.081,1682.31504,672.9260400000001
5/20/2021,10051.14864,4786.26123,1636.10193,654.44079
5/21/2021,9800.68377,4666.992270000001,1592.94003,637.1759999999999
5/22/2021,9613.76694,4577.9842499999995,1556.2708499999999,622.5083400000001
5/23/2021,9484.88223,4516.61058,1533.70632,613.48251
5/24/2021,9051.257010000001,4310.12241,1461.8932799999998,584.7573299999999
5/25/2021,8893.09152,4234.80549,1439.10579,575.6423100000001
5/26/2021,8736.91056,4160.4336,1417.44372,566.9775
5/27/2021,8480.93808,4038.54192,1377.2638499999998,550.90554
5/28/2021,8218.49487,3913.5690000000004,1335.64317,534.25728
5/29/2021,8261.53011,3934.0619699999997,1342.88466,537.15387
5/30/2021,8278.16136,3941.98161,1347.02046,538.80819
5/31/2021,8089.42254,3852.10596,1317.69885,527.07954
6/1/2021,7959.949979999999,3790.4523599999998,1300.58496,520.23399
6/2/2021,7794.89682,3711.85563,1278.48273,511.39307999999994
6/3/2021,7717.85283,3675.1679999999997,1267.9857900000002,507.19434
6/4/2021,7513.26246,3577.74402,1239.6636899999999,495.86546999999996
6/5/2021,7434.27975,3540.1332300000004,1225.67307,490.2692400000001
6/6/2021,7452.9080699999995,3549.00384,1229.5643699999998,491.82576
6/7/2021,7431.88659,3538.99362,1230.00801,492.00318
6/8/2021,7449.46425,3547.3639200000007,1238.26938,495.30777
6/9/2021,7529.4350699999995,3585.4452900000006,1252.3501800000001,500.94006
6/10/2021,7520.629559999999,3581.25219,1249.11687,499.64672999999993
6/11/2021,7511.9032799999995,3577.0968000000003,1250.48109,500.19246
6/12/2021,7597.60686,3617.90802,1266.38898,506.55561
6/13/2021,7697.59014,3665.51913,1285.1393699999999,514.05576
6/14/2021,7800.075060000001,3714.3214499999995,1304.67255,521.86905
6/15/2021,7907.00856,3765.24216,1325.44518,530.17809
6/16/2021,7893.24996,3758.6904299999997,1325.52006,530.20803
6/17/2021,7864.6404,3745.0668600000004,1318.9434,527.57736
6/18/2021,8008.02585,3813.34566,1343.5103100000001,537.40413
6/19/2021,8114.976030000001,3864.2742900000003,1359.00528,543.60213
6/20/2021,8087.1377999999995,3851.0180100000002,1351.04394,540.4175700000001
6/21/2021,8042.51823,3829.7706,1344.23583,537.69435
6/22/2021,8137.56516,3875.03103,1360.22031,544.08813
6/23/2021,8247.39213,3927.3295800000005,1377.61101,551.04441
6/24/2021,8272.57872,3939.32319,1378.13232,551.25294
6/25/2021,8349.50592,3975.95523,1388.1414,555.25656
6/26/2021,8489.23077,4042.4908499999997,1409.58507,563.83404
6/27/2021,8579.111939999999,4085.2914,1425.0879599999998,570.0351900000001
6/28/2021,8540.30436,4066.8116099999997,1419.9260100000001,567.97041
6/29/2021,8718.88263,4151.84886,1449.7383,579.8952899999999
6/30/2021,8774.75505,4178.454809999999,1459.5965099999999,583.83858
7/1/2021,8667.40881,4127.33751,1442.61705,577.04682
7/2/2021,8823.90243,4201.85829,1473.03798,589.2152100000001
7/3/2021,8883.51468,4230.2451,1481.85645,592.74258
7/4/2021,9070.75257,4319.40597,1515.48684,606.1947600000001
7/5/2021,9110.13969,4338.16176,1525.40292,610.1611800000001
7/6/2021,9254.10882,4406.71848,1553.20545,621.2821799999999
7/7/2021,9338.68251,4446.99165,1567.29306,626.91723
7/8/2021,9388.12176,4470.53415,1573.98999,629.59602
7/9/2021,9397.78194,4475.13426,1575.732,630.2927999999999
7/10/2021,9449.19324,4499.61582,1580.94219,632.3768699999999
7/11/2021,9568.463640000002,4556.41125,1601.78571,640.71426
7/12/2021,9636.28101,4588.70523,1616.67594,646.67037
7/13/2021,9961.55097,4743.59571,1671.0478200000002,668.41911
7/14/2021,10059.078570000001,4790.03745,1689.03636,675.61455
7/15/2021,10209.05565,4861.4550899999995,1710.8277900000003,684.3311100000001
7/16/2021,10411.686450000001,4957.94592,1745.6380800000002,698.25522
7/17/2021,10630.85679,5062.312739999999,1780.56015,712.22406
7/18/2021,10743.969149999999,5116.175789999999,1799.96115,719.98446
7/19/2021,10806.12048,5145.77166,1811.82402,724.72962
7/20/2021,11077.14819,5274.8325,1863.093,745.2372
7/21/2021,11117.38587,5293.99329,1872.23988,748.8959400000001
7/22/2021,11190.02292,5328.58236,1882.24047,752.89617
7/23/2021,11401.95123,5429.50056,1917.90279,767.16111
7/24/2021,11717.373360000001,5579.701590000001,1969.5779400000001,787.8311699999999
7/25/2021,12040.0959,5733.378989999999,2027.1280499999998,810.85122
7/26/2021,12346.62498,5879.34525,2084.36283,833.7451199999999
7/27/2021,12728.44278,6061.16325,2151.0740100000003,860.4296099999999
7/28/2021,12945.36585,6164.459940000001,2188.15332,875.2613100000001
7/29/2021,13013.6502,6196.97628,2197.82715,879.13086
7/30/2021,13235.03439,6302.39733,2237.16525,894.8661
7/31/2021,13887.834060000001,6613.254330000001,2349.54954,939.81981
8/1/2021,14221.12989,6771.9666,2409.98358,963.9934499999999
8/2/2021,14468.45946,6889.74258,2456.99595,982.79838
8/3/2021,14829.61017,7061.71914,2520.1136100000003,1008.04545
8/4/2021,15127.02939,7203.34734,2569.48689,1027.79475
8/5/2021,15410.89431,7338.5211,2612.22279,1044.88911
8/6/2021,15914.09214,7578.13911,2695.16802,1078.06722
8/7/2021,16394.20056,7806.7621500000005,2774.35245,1109.74098
8/8/2021,16729.48092,7966.4194800000005,2831.92983,1132.7719200000001
8/9/2021,16973.274960000002,8082.51189,2878.0482300000003,1151.21928
8/10/2021,17397.185729999997,8284.37415,2951.13528,1180.4541
8/11/2021,17881.079850000002,8514.799920000001,3023.72601,1209.4904099999999
8/12/2021,18072.916409999998,8606.150669999999,3047.73192,1219.09275
8/13/2021,18462.80175,8791.81035,3110.8950000000004,1244.35797
8/14/2021,18790.32729,8947.77489,3161.66538,1264.66614
8/15/2021,18960.18762,9028.66077,3186.6191999999996,1274.64768
8/16/2021,19079.64144,9085.54356,3205.95384,1282.38153
8/17/2021,19426.745880000002,9250.83138,3260.03694,1304.0148
8/18/2021,19619.94999,9342.83331,3285.32034,1314.12813
8/19/2021,19913.81958,9482.77122,3331.3586999999998,1332.5434799999998
8/20/2021,20261.24385,9648.211350000001,3386.77698,1354.7107799999999
8/21/2021,20567.01369,9793.81605,3432.2149499999996,1372.8859499999999
8/22/2021,20748.640890000002,9880.30518,3461.19891,1384.47957
8/23/2021,20781.02691,9895.7271,3469.10754,1387.64304
8/24/2021,21061.60218,10029.33438,3514.14522,1405.6581
8/25/2021,21327.189420000002,10155.804479999999,3559.5749100000003,1423.82997
8/26/2021,21393.052349999998,10187.16777,3570.5886600000003,1428.23547
