Actual,ARIMA,SVR,RandomForest,RNN,GRU,LSTM
10051.14864,10075.3404044299,7882.435039747872,10034.680215600012,10340.183,9847.266,10223.048
9800.68377,9824.419048758964,7815.020785831649,9813.716202,10135.609,9626.721,9964.023
9613.76694,9564.569991141092,7762.1358854458595,9614.14746450001,9921.075,9411.284,9710.654
9484.88223,9301.386922380589,7724.431176270128,9479.200993200004,9698.999,9211.335,9460.553
9051.25701,9051.506858860883,7590.575705702608,9072.78582510001,9504.706,9040.945,9223.632
8893.09152,8801.873304705481,7539.250459635909,8897.2279821,9277.222,8859.446,8994.964
8736.91056,8552.204246127487,7487.372625588538,8779.859539799996,9071.487,8671.641,8777.945
8480.93808,8306.169894374612,7399.9921303013,8436.36893610001,8837.991,8491.518,8570.166
8218.49487,8063.917127782919,7307.727007638164,8217.0087864,8597.3,8313.921,8368.471
8261.53011,7823.267232242479,7323.023412198453,8228.70793140001,8383.966,8128.2314,8173.3306
8278.16136,7584.96416989338,7328.918155861861,8228.70793140001,8208.765,7974.4014,7991.8516
8089.42254,7349.534371171276,7261.49588734071,8070.9781043999965,8101.888,7881.754,7829.427
7959.949979999999,7116.571480421756,7214.635220803284,7944.797278199991,8066.5522,7826.5776,7682.271
7794.89682,6885.866802553355,7154.28964669644,7809.393917699993,8084.9287,7785.431,7563.4253
7717.85283,6657.627288256799,7125.922919636094,7700.337948599993,8059.4375,7736.9307,7467.9194
7513.26246,6431.832062006011,7050.114532324282,7534.435660799991,7995.4326,7680.205,7393.6313
7434.27975,6208.364229988037,7020.704462396362,7452.776314799993,7857.8438,7600.6377,7329.1655
7452.908069999999,5987.216740719403,7027.646545847068,7456.941042899993,7667.4097,7506.446,7283.6235
7431.88659,5768.401614748481,7019.812391060557,7452.776314799993,7501.18,7425.5703,7247.3105
7449.46425,5551.876746299072,7026.363405460567,7456.941042899993,7374.6343,7371.5957,7220.1104
7529.435069999999,5337.607998828771,7056.128239018711,7534.435660799991,7344.01,7352.797,7200.63
7520.629559999999,5125.581518830499,7052.854334672738,7534.435660799991,7405.2705,7376.691,7197.934
7511.903279999999,4915.775851485598,7049.608988665475,7502.784611999986,7526.9346,7429.374,7208.3643
7597.60686,4708.163048087454,7081.441360955627,7582.654297499994,7672.73,7493.897,7232.8477
7697.59014,4502.720589023906,7118.444084244677,7677.1317785999945,7805.2256,7570.792,7280.1826
7800.075060000001,4299.42763501039,7156.192031059255,7809.393917699993,7892.7764,7664.51,7346.9424
7907.00856,4098.26107085919,7195.347948743492,7915.939590600006,7968.555,7776.0127,7438.3716
7893.24996,3899.19802546144,7190.324419200455,7915.939590600006,8050.286,7904.1333,7553.732
7864.6404,3702.2169323995636,7179.864447613831,7832.105944500009,8118.747,8025.276,7690.951
8008.02585,3507.296170988941,7232.088502271926,7999.628046899994,8166.727,8118.6274,7836.653
8114.976030000001,3314.4139718620427,7270.6889825268845,8154.909077100004,8207.371,8199.222,7985.8486
8087.137799999999,3123.549005106491,7260.673000578747,8070.9781043999965,8230.341,8280.851,8140.775
8042.51823,2934.6802692402734,7244.572600186297,8010.595693499996,8258.202,8350.573,8302.947
8137.56516,2747.7868655177012,7278.799443548434,8166.428693700003,8288.342,8393.366,8456.283
8247.39213,2562.8480994289225,7318.005021611069,8228.70793140001,8316.155,8422.924,8592.344
8272.57872,2379.8435457594774,7326.940507147072,8228.70793140001,8343.39,8458.133,8721.975
8349.50592,2198.7529855765965,7354.096393663932,8395.366797600016,8388.659,8499.564,8827.949
8489.23077,2019.5563909098869,7402.865658395264,8458.312029600012,8463.741,8549.536,8903.371
8579.111939999999,1842.2339516127554,7433.832848224545,8577.554183100008,8566.68,8619.162,8960.023
8540.30436,1666.7660712368602,7420.50270893405,8577.554183100008,8689.325,8707.708,9002.209
8718.88263,1493.1333531038592,7481.31147203092,8718.59379179999,8798.402,8789.847,9011.878
8774.75505,1321.3166019676544,7500.04810259689,8783.988453599995,8910.094,8877.415,9010.694
8667.40881,1151.2968258952942,7463.925406005319,8634.438950400005,8975.627,8967.705,9018.53
8823.90243,983.0552315351513,7516.410263080097,8817.293311500014,9003.711,9029.468,9031.193
8883.51468,816.5732210227527,7536.10278521408,8849.410843500009,9039.916,9079.751,9057.319
9070.75257,651.8323912950806,7596.81381586792,9075.01872060001,9028.165,9128.006,9092.773
9110.13969,488.8145321366561,7609.356052480574,9098.05032720001,9079.762,9197.498,9145.848
9254.10882,327.5016235671542,7654.493978381474,9269.291352300013,9171.9795,9280.77,9208.387
9338.68251,167.87583396865918,7680.477515779818,9303.2107626,9302.565,9381.142,9277.788
9388.12176,9.919518337204892,7695.479196907087,9407.599261199995,9449.01,9492.234,9355.105
9397.78194,-146.38478377479873,7698.394079224983,9438.103906199998,9578.353,9599.705,9441.887
9449.19324,-301.0543502553687,7713.816131792624,9462.594877799998,9672.261,9688.185,9531.499
9568.463640000002,-454.1062782805776,7748.996015084033,9576.551541600003,9717.599,9754.508,9627.036
9636.28101,-605.5574861921912,7768.619678310795,9641.642772000014,9740.206,9814.534,9726.32
9961.55097,-755.4247153972481,7858.781486059403,9978.458328000004,9760.63,9873.545,9819.929
10059.07857,-903.724532216335,7884.503428326141,10057.677915600018,9862.43,9974.012,9911.358
10209.05565,-1050.47332970299,7922.8466157215735,10235.937204000022,10004.304,10110.258,10009.315
10411.68645,-1195.6873294597901,7972.283063864566,10415.895989999995,10215.323,10271.706,10114.911
10630.85679,-1339.3825834354645,8022.64685264794,10637.9101938,10459.124,10455.652,10237.457
10743.96915,-1481.5749756965713,8047.364760210538,10744.713911699993,10685.785,10659.562,10383.4
10806.12048,-1622.280224182332,8060.575690109025,10765.237189800007,10903.949,10865.5,10548.943
11077.14819,-1761.5138824434862,8115.109999419636,11112.836319600008,11070.08,11049.909,10730.358
11117.38587,-1899.2913413616425,8122.780305398326,11112.836319600008,11213.97,11229.115,10934.21
11190.02292,-2035.627830849981,8136.348682952192,11166.134880900001,11304.919,11389.367,11157.261
11401.95123,-2170.5384215368945,8173.899971516947,11406.384606000005,11391.691,11520.961,11385.481
11717.37336,-2304.0380264321193,8224.237646693158,11736.068797199994,11484.218,11642.906,11608.663
12040.0959,-2436.1414025751055,8269.023922406588,12111.093403499992,11601.238,11790.313,11835.763
12346.62498,-2566.863152666195,8305.483949709907,12331.496435999992,11823.993,11987.911,12066.284
12728.44278,-2696.2177266808676,8342.98798130062,12731.583704099992,12128.697,12238.957,12296.962
12945.36585,-2824.2194234670496,8360.569359953024,12964.718178300007,12502.269,12547.591,12544.697
13013.6502,-2950.8823923256805,8365.566513326688,13036.72185180001,12878.38,12882.924,12815.164
13235.03439,-3076.220634574777,8380.05417532088,13155.931586700004,13198.348,13191.778,13096.068
13887.83406,-3200.24800509715,8408.454576282915,13884.929999399983,13447.358,13461.383,13387.596
14221.12989,-3322.9782138719193,8415.386683684032,14202.655160700018,13683.729,13762.826,13705.594
14468.45946,-3444.42482749001,8417.516339635209,14477.883762899977,13925.724,14108.303,14037.598
14829.61017,-3564.6012706538054,8416.332461939433,14833.070418899977,14256.521,14470.016,14388.692
15127.02939,-3683.5208276611124,8411.785386459573,15159.214013699982,14624.577,14836.89,14749.713
15410.89431,-3801.1966438736076,8404.642425903901,15330.549929399993,14954.954,15196.097,15128.897
15914.09214,-3917.6417271699243,8385.762839232686,15904.646617799996,15296.174,15537.657,15511.545
16394.20056,-4032.8689493835427,8360.96624704705,16350.494554800009,15650.06,15889.775,15913.6875
16729.48092,-4146.891047725642,8340.055726750721,16746.586576200003,16006.279,16274.856,16346.614
16973.274960000002,-4259.720626193072,8323.119449260796,16937.304909000024,16390.576,16678.3,16800.523
17397.185729999997,-4371.370156961597,8290.418163561057,17393.141956200012,16784.373,17066.23,17259.29
17881.079850000002,-4481.851981764568,8248.418276149363,17846.844929400002,17146.895,17440.836,17712.016
18072.91641,-4591.178313257181,8230.494927927974,18100.76436419998,17500.918,17824.797,18152.602
18462.80175,-4699.36123636646,8192.025576733744,18467.307625199977,17826.945,18189.123,18563.986
18790.32729,-4806.412709627126,8157.765392505521,18760.452070799976,18170.29,18534.957,18961.29
18960.18762,-4912.344566503492,8139.362079310812,18990.05416649998,18473.324,18865.816,19341.773
19079.64144,-5017.168516697536,8126.1790939881685,19110.08251829999,18735.424,19159.557,19705.545
19426.74588,-5120.896147443285,8086.840245497355,19370.427102299975,18967.836,19393.998,20046.727
19619.94999,-5223.538924787675,8064.345569781708,19649.56935119997,19155.324,19599.49,20362.518
19913.81958,-5325.108194857998,8029.432657964125,19945.74019530001,19305.203,19785.8,20668.729
20261.24385,-5425.615185116112,7987.271062913065,20310.241321800022,19495.918,19973.15,20950.164
20567.01369,-5525.071005599518,7949.581728444482,20603.701940399995,19730.129,20181.924,21190.66
20748.64089,-5623.4866501494635,7927.021264314534,20744.447850899982,19992.52,20417.86,21400.902
20781.02691,-5720.872997626205,7922.989180455612,20767.523441400008,20287.086,20657.297,21565.973
21061.60218,-5817.24081311155,7887.990741853445,20767.523441400008,20533.121,20858.2,21700.25
21327.18942,-5912.600749098835,7854.851585535911,20767.523441400008,20750.646,21034.113,21815.766
21393.05235,-6006.963346670449,7846.647720656941,20767.523441400008,20910.592,21209.07,21916.965
